TITLE,SERVINGSIZE,AUTHOR,INGREDIENTS,STEPS
Good Old-Fashioned Pancakes,8,dakota kelly,"['1 ½ cups all-purpose flour', '3 ½ teaspoons baking powder', '1 tablespoon white sugar', '¼ teaspoon salt, or more to taste', '1 ¼ cups milk', '3 tablespoons butter, melted', '1 large egg']","['Sift flour, baking powder, sugar, and salt together in a large bowl. Make a well in the center and add milk, melted butter, and egg; mix until smooth.', 'Heat a lightly oiled griddle or pan over medium-high heat. Pour or scoop the batter onto the griddle, using approximately 1/4 cup for each pancake; cook until bubbles form and the edges are dry, about 2 to 3 minutes. Flip and cook until browned on the other side. Repeat with remaining batter.', 'Dotdash Meredith Food Studios']"
Classic Waffles,5,Megan,"['2 cups all-purpose flour', '1 teaspoon salt', '4 teaspoons baking powder', '2 tablespoons white sugar', '2 large eggs', '1 ½ cups warm milk', '⅓ cup butter, melted', '1 teaspoon vanilla extract']","['Gather all ingredients.', 'Dotdash Meredith Food Studios', 'Mix flour, salt, baking powder, and sugar together in a large bowl; set aside. Preheat waffle iron to desired temperature.', 'Dotdash Meredith Food Studios', 'Beat eggs in a separate bowl; stir in milk, butter, and vanilla.', 'Dotdash Meredith Food Studios', 'Pour milk mixture into flour mixture; beat until blended.', 'Dotdash Meredith Food Studios', 'Dotdash Meredith Food Studios', 'Cook waffles until golden and crisp.', 'Dotdash Meredith Food Studios', 'Serve immediately and enjoy!', 'Dotdash Meredith Food Studios']"
French Toast,3,Jan Bittner,"['⅔ cup milk', '2 large eggs', '1 teaspoon vanilla extract (Optional)', '¼ teaspoon ground cinnamon (Optional)', 'salt to taste', '6 thick slices bread', '1 tablespoon unsalted butter, or more as needed']","['Gather all ingredients.', 'Dotdash Meredith Food Studios', 'Whisk milk, eggs, vanilla, cinnamon, and salt together in a shallow bowl.', 'Dotdash Meredith Food Studios', 'Dotdash Meredith Food Studios', 'Dotdash Meredith Food Studios', 'Serve hot.', 'DOTDASH MEREDITH FOOD STUDIOS']"
Yogurt Parfait,2,Natalie,"['2 cups vanilla yogurt', '1 cup granola', '8  blackberries']","['Layer 1 cup yogurt, 1/2 cup granola, and 4 blackberries in a large glass; repeat layers.']"
Simple Scones,8,USA WEEKEND columnist Pam Anderson,"['2 cups all-purpose flour', '⅓ cup sugar', '1 teaspoon baking powder', '½ teaspoon salt', '¼ teaspoon baking soda', '8 tablespoons unsalted butter, frozen', '½ cup raisins (or dried currants)', '½ cup sour cream', '1 large egg', '1 teaspoon white sugar']","['Gather all ingredients.', 'Dotdash Meredith Food Studios', 'Preheat the oven to 400 degrees F (200 degrees C); adjust the oven rack to the lower-middle position. Line a baking tray with parchment paper.', 'Mix flour, 1/3 cup sugar, baking powder, salt, and baking soda in a medium bowl. Grate butter into flour mixture on the large holes of a box grater. Use your fingers to work in butter until mixture resembles coarse crumbs, then toss in raisins.', 'Dotdash Meredith Food Studios', 'Whisk sour cream and egg together in a small bowl until combined.', 'Dotdash Meredith Food Studios', 'Stir sour cream mixture into flour mixture using a fork until large dough clumps form. Use your hands to shape dough into a ball. (Dough may seem dry at first but will come together as you work it.)', 'Dotdash Meredith Food Studios', 'Place dough on a lightly floured surface and pat into a 7 to 8-inch circle, about 3/4-inch thick. Sprinkle with remaining 1 teaspoon of sugar.', 'Dotdash Meredith Food Studios', 'Dotdash Meredith Food Studios', 'Bake scones in the preheated oven until golden, about 15 to 17 minutes. Cool for 5 minutes; serve warm or at room temperature.', 'Dotdash Meredith Food Studios', 'Serve and enjoy!', 'Dotdash Meredith Food Studios']"
Easy Sausage Gravy and Biscuits,8,JimmyDean,"['1 (16 ounce) can refrigerated jumbo buttermilk biscuits', '1 (9.6 ounce) package Jimmy Dean® Original Hearty Pork Sausage Crumbles', '¼ cup flour', '2 ½ cups milk', 'salt and freshly ground black pepper to taste']","['Gather all ingredients.', 'Dotdash Meredith Food Studios', 'Preheat the oven to 350 degrees F (175 degrees C). Arrange biscuits 1 to 2 inches apart on an ungreased cookie sheet. Bake in the preheated oven until golden brown, about 13 to 15 minutes.', 'Dotdash Meredith Food Studios', 'Dotdash Meredith Food Studios', 'Stir in flour until well combined.', 'Dotdash Meredith Food Studios', 'Dotdash Meredith Food Studios', 'Dotdash Meredith Food Studios']"
Classic Hash Browns,2,"By
 John Mitzewich
 






 

John Mitzewich




 


 

 
John Mitzewich — aka Chef John — has produced more than 1,500 cooking videos for Allrecipes. He's the actor, director, and screenwriter whose hands and voice confidently walk you through techniques.



Allrecipes' editorial guidelines","['2  russet potatoes, peeled', '3 tablespoons clarified butter', '1 pinch cayenne pepper, or to taste', '1 pinch paprika, or to taste', 'salt and ground black pepper to taste']","['Heat clarified butter in a large nonstick pan over medium heat. Sprinkle shredded potatoes into hot butter in an even layer; season with cayenne pepper, paprika, salt, and black pepper.', 'Cook potatoes until a brown crust forms on the bottom, about 5 minutes. Flip or stir and continue to cook until potatoes are browned and crusty all over, about 5 more minutes.']"
Basic Crêpes,4,JENNYC819,"['2 large eggs', '½ cup milk', '½ cup water', '¼ teaspoon salt', '1 cup all-purpose flour', '2 tablespoons butter, melted']","['Heat a lightly oiled griddle or frying pan over medium-high heat. Pour or scoop the batter onto the pan, using approximately 1/4 cup for each crêpe. Tilt the pan with a circular motion so that the batter coats the surface evenly.', 'Cook until the top of the crêpe is no longer wet and the bottom has turned light brown, 1 to 2 minutes. Run a spatula around the edge of the skillet to loosen the crêpe; flip and cook until the other side has turned light brown, about 1 minute more. Serve hot.', 'Dotdash Meredith Food Studios']"
Cream Cheese-Filled Bagel Balls,4,alliecappelli,"['1 cup all-purpose flour, or as needed', '2 teaspoons baking powder', '½ teaspoon salt, or more to taste', '1 cup Greek yogurt', '½ cup cream cheese, or as needed', '1 large egg', '2 teaspoons half-and-half', '2 teaspoons everything bagel seasoning, or to taste', '1 tablespoon butter, melted, or as needed']","['Preheat the oven to 450 degrees F (230 degrees C). Grease a baking pan.', 'Mix 1 cup flour, baking powder, and 1/2 teaspoon salt together. Mix in Greek yogurt and knead until all flour is mixed in; if dough is sticky, add more flour.', 'Cut dough into 8 equal pieces. Roll each piece into a ball and press each ball into a flat circle; they should look like mini pizzas.', 'Mix egg, half-and-half, and a pinch of salt in a small bowl. Brush egg wash on top of each dough ball and sprinkle with bagel seasoning.', 'Bake in the preheated oven until golden brown, about 10 minutes. Remove from the oven and brush with melted butter before serving.', ""Cook's Note:""]"
Best Chicken Salad Sandwich,8,peloquinswife,"['½ cup light mayonnaise', '½ cup low-fat plain yogurt', '1 teaspoon paprika', '1 teaspoon seasoned salt', '1 ½ cups dried cranberries', '1 cup chopped celery', '1 cup cubed green apple', '1 cup sliced red grapes', '1 cup chopped pecans', '4 cups drained canned chicken or cooked shredded chicken', 'ground black pepper to taste', '16 slices whole wheat bread, or 8 bread rolls']","['Mix mayonnaise, yogurt, paprika, and seasoned salt together in a bowl; fold in cranberries, celery, apple, grapes, and pecans. Stir in chicken and season with black pepper.', 'Spoon the chicken salad onto 8 slices of bread and top with remaining slices, or store in an airtight container in the refrigerator for up to 2 days.']"
Grilled Cheese Sandwich,2,Sara,"['4 slices white bread', '3 tablespoons butter, divided', '2 slices Cheddar cheese']","['Gather all ingredients.', 'Dotdash Meredith Food Studios', 'Preheat a nonstick skillet over medium heat. Generously butter one side of a slice of bread.', 'Dotdash Meredith Food Studios', 'Place bread butter-side down in the hot skillet; add 1 slice of cheese.', 'Dotdash Meredith Food Studios', 'Dotdash Meredith Food Studios', 'Cook until lightly browned on one side; flip over and continue cooking until cheese is melted.', 'Dotdash Meredith Food Studios', 'Repeat with remaining 2 slices of bread, butter, and slice of cheese. Serve and enjoy!', 'Dotdash Meredith Food Studios']"
BLT,1,MOTTSBELA,"['4 slices bacon', '2 leaves lettuce', '2 slices tomato', '2 slices bread, toasted', '1 tablespoon mayonnaise']","['Gather all ingredients.', 'Dotdash Meredith Food Studios', 'Cook bacon in a large, deep skillet over medium-high heat until evenly browned, about 10 minutes. Drain bacon on a paper towel-lined plate.', 'Dotdash Meredith Food Studios', 'Arrange cooked bacon, lettuce, and tomato slices on one slice of bread. Spread mayonnaise on the other slice of bread.', 'Dotdash Meredith Food Studios', 'Dotdash Meredith Food Studios']"
Baked Ham and Cheese Sliders,24,LisaT,"['¾ cup melted butter', '1 ½ tablespoons Dijon mustard', '1 ½ teaspoons Worcestershire sauce', '1 ½ tablespoons poppy seeds', '1 tablespoon dried minced onion', '24 mini sandwich rolls or 12 large', '1 pound thinly sliced cooked deli ham', '1 pound thinly sliced Swiss cheese']","['Gather all ingredients. Preheat the oven to 350 degrees F (175 degrees C). Grease a 9x13-inch baking dish.', 'Dotdash Meredith Food Stuidos', 'Mix butter, Dijon mustard, Worcestershire sauce, poppy seeds, and dried onion in a bowl.', 'Dotdash Meredith Food Stuidos', 'Dotdash Meredith Food Stuidos', 'Place the tops of the rolls onto the sandwiches. Pour mustard mixture evenly over the rolls', 'Dotdash Meredith Food Stuidos', 'Bake in the preheated oven until the rolls are lightly browned and the cheese has melted, about 20 minutes. Slice into individual rolls through the ham and cheese layers to serve.', 'Dotdash Meredith Food Stuidos']"
Grilled Peanut Butter and Jelly Sandwich,1,Chasity,"['2 teaspoons butter', '2 slices white bread', '2 teaspoons any flavor fruit jelly', '1 teaspoon peanut butter']","['Gather all ingredients.', 'Dotdash Meredith Food Studios', 'Heat a griddle or skillet to 350 degrees F (175 degrees C).', 'Spread butter on one side of each slice of bread. Spread jelly on the unbuttered side of one slice of bread; spread peanut butter on the other unbuttered side.', 'Dotdash Meredith Food Studios', 'Place bread slices together, so peanut butter and jelly are in the middle.', 'Dotdash Meredith Food Studios', 'Cook on the preheated griddle until golden brown and heated through, about 4 minutes per side.']"
Fresh Tomato Soup,6,Charlotte,"['4 cups chopped fresh tomatoes', '2 cups chicken broth', '4 cloves garlic', '1 large slice of onion', '2 tablespoons butter', '2 tablespoons all-purpose flour', '2 teaspoons white sugar, or to taste', '1 teaspoon salt, or to taste']","['Gather the ingredients.', 'Dotdash Meredith Food Studios', 'Combine tomatoes, chicken broth, garlic cloves, and a large slice of onion in a stockpot over medium heat. Bring to a boil, and gently simmer for about 20 minutes to blend flavors.', 'Dotdash Meredith Food Studios', 'Remove from heat and run the mixture through a food mill into a large bowl, or pan. Discard any stuff left over in the food mill.', 'Dotdash Meredith Food Studios', 'Melt butter over medium heat in the now empty stockpot. Stir in flour to make a roux by cooking, whisking constantly, until mixture turns medium brown.', 'Dotdash Meredith Food Studios', 'Dotdash Meredith Food Studios', 'Season with sugar and salt to taste.', 'Dotdash Meredith Food Studios', 'Serve hot and enjoy!', 'DOTDASH MEREDITH FOOD STUDIOS', 'Add fresh basil. This is a guaranteed way to make your soup fresh and flavorful.Brown tomato paste with some butter and add it to your soup. When making your roux, this is a great opportunity to add in half a can or more of tomato paste with your butter and flour.']"
Quick and Easy Chicken Noodle Soup,6,marymerharhotmailcom,"['1 tablespoon butter', '½ cup chopped onion', '½ cup chopped celery', '4 (14.5 ounce) cans chicken broth', '1 (14.5 ounce) can vegetable broth', '½ pound chopped cooked chicken breast', '1 ½ cups egg noodles', '1 cup sliced carrots', '½ teaspoon dried basil', '½ teaspoon dried oregano', 'salt and ground black pepper to taste']","['Melt butter in a large pot over medium heat. Add onion and celery and cook until just tender, about 5 minutes.', 'Add chicken broth, vegetable broth, chicken, egg noodles, carrots, basil, oregano, salt, and pepper. Stir to combine and bring to a boil.', 'Reduce heat and simmer for 20 minutes.']"
Quick and Easy Vegetable Soup,6,"By
Anne Vackrinos","['1 (14.5 ounce) can diced tomatoes', '1 (14 ounce) can chicken broth', '1 (11.5 ounce) can tomato-vegetable juice cocktail', '2  carrots, sliced', '2 stalks celery, diced', '1 large potato, diced', '1 cup chopped fresh green beans', '1 cup fresh corn kernels', '1 cup water', 'salt and pepper to taste', '1 pinch Creole seasoning, or more to taste']","['Gather all ingredients.', 'Dotdash Meredith Food Studios', 'Combine tomatoes, chicken broth, tomato juice, carrots, celery, potato, green beans, corn, and water in a large stockpot. Season with salt, pepper, and Creole seasoning.', 'Dotdash Meredith Food Studios', 'Dotdash Meredith Food Studios', 'Serve hot and enjoy!', 'DOTDASH MEREDITH FOOD STUDIOS']"
Best Homemade Caesar Salad Dressing,6,Karen Weir,"['6 cloves garlic, peeled, divided', '3/4 cup mayonnaise', '6 tablespoons grated Parmesan cheese, divided', '5  anchovy fillets, minced', '1 tablespoon lemon juice, or more to taste', '1 teaspoon Worcestershire sauce', '1 teaspoon Dijon mustard', 'salt and ground black pepper to taste', '1/4 cup olive oil', '4 cups day-old bread, cubed', '1 head romaine lettuce, torn into bite-sized pieces']","['Gather all ingredients.', 'Dotdash Meredith Food Studios', 'Mince 3 cloves of garlic and place in a small bowl. Add mayonnaise, 2 tablespoons grated Parmesan cheese, anchovies, lemon juice, Worcestershire sauce, and mustard; mix well to combine. Season to taste with salt and black pepper. Refrigerate until ready to use.', 'Dotdash Meredith Food Studios', 'Heat oil in a large skillet over medium heat. Slice remaining 3 cloves of garlic into quarters and add to hot oil. Cook and stir until brown, then remove garlic from pan. Cook bread cubes in hot flavored oil, turning frequently, until lightly browned; transfer onto a plate and season with salt and pepper.', 'Dotdash Meredith Food Studios', 'Place lettuce in a large bowl. Add dressing, remaining Parmesan cheese, and seasoned bread cubes; toss well to coat.', 'Dotdash Meredith Food Studios', 'Serve immediately and enjoy!']"
Greek Salad,6,Meesh,"['1 head romaine lettuce- rinsed, dried and chopped', '1  cucumber, sliced', '2 large tomatoes, chopped', '1 (6 ounce) can pitted black olives', '1  green bell pepper, chopped', '1  red bell pepper, chopped', '1  red onion, thinly sliced', '1 cup crumbled feta cheese', '6 tablespoons olive oil', '1  lemon, juiced', '1 teaspoon dried oregano', 'ground black pepper to taste']","['Combine romaine, cucumber, tomatoes, olives, bell peppers, and red onion in a large bowl; sprinkle with feta cheese.', 'Dotdash Meredith Food Studios', 'Whisk olive oil, lemon juice, oregano, and black pepper together in a small bowl. Pour dressing over salad, toss well to combine, and serve.', 'Dotdash Meredith Food Studios', 'Pour dressing over salad, toss well to combine, and serve.', 'DOTDASH MEREDITH FOOD STUDIOS']"
Cobb Salad,6,Barrett,"['6 slices bacon', '3  eggs', '1 head iceberg lettuce, shredded', '3 cups chopped, cooked chicken meat', '2  tomatoes, seeded and chopped', '¾ cup blue cheese, crumbled', '3  green onions, chopped', '1  avocado - peeled, pitted and diced', '1 (8 ounce) bottle Ranch-style salad dressing']","['Place eggs in a saucepan and cover completely with cold water; bring to a boil, then cover and remove from heat. Let eggs sit for 10 to 12 minutes, then cool, peel and chop.', 'Dotdash Meredith Food Studios', 'Dotdash Meredith Food Studios', 'Dotdash Meredith Food Studios', 'Drizzle with dressing.', 'DOTDASH MEREDITH FOOD STUDIOS']"
Homemade Mac and Cheese,4,Judy,"['8 ounces uncooked elbow macaroni', '¼ cup salted butter', '3 tablespoons all-purpose flour', '2 ½ cups milk, or more as needed', '2 cups shredded sharp Cheddar cheese', '½ cup finely grated Parmesan cheese', 'salt and ground black pepper to taste']","['Gather all ingredients. Preheat the oven to 350 degrees F (175 degrees C). Grease an 8-inch square baking dish.', 'Dotdash Meredith Food Studios', 'Dotdash Meredith Food Studios', 'Dotdash Meredith Food Studios', 'Dotdash Meredith Food Studios', 'Stir in shredded Cheddar and finely grated Parmesan cheeses; season with salt and pepper. Cook and stir over low heat until cheese is melted and sauce has thickened, 3 to 5 minutes, adding up to 1/2 cup more milk if needed.', 'Dotdash Meredith Food Studios', 'Pour cheese sauce over macaroni and stir until well combined.', 'Dotdash Meredith Food Studios', 'Dotdash Meredith Food Studios', 'Spread bread crumbs over macaroni and cheese, then sprinkle with paprika.', 'Dotdash Meredith Food Studios', 'Bake in the preheated oven until topping is golden brown and macaroni and cheese is bubbling, about 30 minutes.']"
Chicken Stir Fry,6,Katie Sechrist,"['4 cups water', '2 cups white rice', '⅔ cup low-sodium soy sauce, or to taste', '¼ cup brown sugar', '1 tablespoon cornstarch', '1 tablespoon minced fresh ginger', '1 tablespoon minced garlic', '¼ teaspoon red chili flakes', '3  skinless, boneless chicken breast halves, thinly sliced', '2 tablespoons sesame oil, divided', '1 head broccoli, broken into florets', '1  onion, cut into large chunks', '1 cup sliced carrots', '1 (8 ounce) can sliced water chestnuts, drained', '1  green bell pepper, cut into matchsticks']","['Heat 1 tablespoon sesame oil in a wok or large skillet over medium-high heat. Add broccoli, onion, carrots, water chestnuts, and bell pepper; cook and stir until just tender, about 5 minutes. Transfer vegetables into a dish; set aside.', 'Heat remaining 1 tablespoon sesame oil in the same wok or skillet over medium-high heat. Add chicken, reserving marinade, and cook until just browned, about 2 minutes per side; stir in vegetables and reserved marinade. Bring to a boil; cook and stir until chicken is no longer pink in the center and vegetables are tender, 5 to 7 minutes. Serve over rice.']"
Quick Beef Stir-Fry,4,inesgosner,"['2 tablespoons vegetable oil', '1 pound beef sirloin, cut into 2-inch strips', '1 ½ cups fresh broccoli florets', '1  red bell pepper, cut into matchsticks', '2  carrots, thinly sliced', '1  green onion, chopped', '1 teaspoon minced garlic', '2 tablespoons soy sauce', '2 tablespoons sesame seeds, toasted']","['Gather all ingredients.', 'Dotdash Meredith Food Studios', 'Heat vegetable oil in a large wok or skillet over medium-high heat; add beef and stir-fry until browned, 3 to 4 minutes.', 'Dotdash Meredith Food Studios', 'Stir beef into vegetables and season with soy sauce and sesame seeds. Continue to cook and stir until vegetables are tender, about 2 more minutes.', 'Dotdash Meredith Food Studios', 'Serve hot and enjoy!', 'DOTDASH MEREDITH FOOD STUDIOS']"
Stir-Fried Vegetables,6,Natasha Kay,"['2 tablespoons light soy sauce', '1 teaspoon ground ginger', '2 tablespoons all-purpose flour', '1 cup low-sodium chicken broth', '¼ cup cold water', '3 tablespoons vegetable oil', '4  green bell peppers, cut into matchsticks', '4  carrots, cut into matchsticks', '2 cups broccoli florets', '8  mushrooms, sliced']","['Combine soy sauce and ginger in a small bowl. Mix flour, chicken broth, and water together in another bowl.', 'Heat oil in a large skillet or wok over high heat. Add bell peppers, carrots, broccoli, and mushrooms, and stir-fry until just tender, about 3 minutes.', 'Add soy sauce mixture and toss to coat vegetables; stir-fry for 1 minute. Gradually stir in flour mixture. Bring to a boil and cook until thickened, about 3 minutes.']"
Shepherd's Pie,6,Jacquie,"['4 large potatoes, peeled and cubed', '1 tablespoon butter', '1 tablespoon finely chopped onion', '¼ cup shredded Cheddar cheese', 'salt and pepper to taste', '5  carrots, chopped', '1 tablespoon vegetable oil', '1  onion, chopped', '1 pound lean ground beef or lamb', '2 tablespoons all-purpose flour', '1 tablespoon ketchup', '¾ cup beef broth', '¼ cup shredded Cheddar cheese']","['Gather all ingredients.', 'Dotdash Meredith Food Studios', 'Dotdash Meredith Food Studios', 'Heat oil in a large frying pan. Add onion and cook until clear. Add ground beef and cook until well browned. Pour off excess fat, then stir in flour and cook 1 minute. Add ketchup and beef broth. Bring to a boil, reduce heat and simmer for 5 minutes.', 'Dotdash Meredith Food Studios', 'Spread the ground beef in an even layer on the bottom of a 2 quart casserole dish. Next, spread a layer of mashed carrots. Top with the mashed potato mixture and sprinkle with remaining shredded cheese.', 'Dotdash Meredith Food Studios', 'Bake in the preheated oven for 20 minutes, or until golden brown. Serve hot and enjoy!', 'Dotdash Meredith Food Studios']"
Homemade Spaghetti Sauce with Ground Beef,8,Hank's Mom,"['1 pound ground beef', '1 medium onion, chopped', '4 cloves garlic, minced', '1 small green bell pepper, diced', '1 (28 ounce) can diced tomatoes', '1 (16 ounce) can tomato sauce', '1 (6 ounce) can tomato paste', '2 teaspoons dried oregano', '2 teaspoons dried basil', '1 teaspoon salt', '½ teaspoon ground black pepper']","['Gather all ingredients.', 'Dotdash Meredith Food Studios', 'Combine ground beef, onion, garlic, and green pepper in a large saucepan over medium-high heat. Cook and stir until meat is browned and crumbly and vegetables are tender, 5 to 7 minutes. Drain grease.', 'Dotdash Meredith Food Studios', 'Stir diced tomatoes, tomato sauce, and tomato paste into the pan. Season with oregano, basil, salt, and pepper. Simmer spaghetti sauce for 1 hour, stirring occasionally.', 'Dotdash Meredith Food Studios', 'Serve hot and enjoy!', 'DOTDASH MEREDITH FOOD STUDIOS']"
World's Best Lasagna,12,John Chandler,"['1 pound sweet Italian sausage', '¾ pound lean ground beef', '½ cup minced onion', '2 cloves garlic, crushed', '1 (28 ounce) can crushed tomatoes', '2 (6.5 ounce) cans canned tomato sauce', '2 (6 ounce) cans tomato paste', '½ cup water', '2 tablespoons white sugar', '4 tablespoons chopped fresh parsley, divided', '1 ½ teaspoons dried basil leaves', '1 ½ teaspoons salt, divided, or to taste', '1 teaspoon Italian seasoning', '½ teaspoon fennel seeds', '¼ teaspoon ground black pepper', '12  lasagna noodles', '16 ounces ricotta cheese', '1  egg', '¾ pound mozzarella cheese, sliced', '¾ cup grated Parmesan cheese']","['Gather all your ingredients.', 'Dotdash Meredith Food Studios', 'Cook sausage, ground beef, onion, and garlic in a Dutch oven over medium heat until well browned.', 'Dotdash Meredith Food Studios', 'Stir in crushed tomatoes, tomato sauce, tomato paste, and water. Season with sugar, 2 tablespoons parsley, basil, 1 teaspoon salt, Italian seasoning, fennel seeds, and pepper. Simmer, covered, for about 1 ½ hours, stirring occasionally.', 'Dotdash Meredith Food Studios', 'Dotdash Meredith Food Studios', 'Dotdash Meredith Food Studios', 'Preheat the oven to 375 degrees F (190 degrees C).', 'Dotdash Meredith Food Studios', 'Repeat layers, and top with remaining mozzarella and Parmesan cheese. Cover with foil: to prevent sticking, either spray foil with cooking spray or make sure the foil does not touch the cheese.', 'Dotdash Meredith Food Studios', 'Bake in the preheated oven for 25 minutes. Remove the foil and bake for an additional 25 minutes.', 'Dotdash Meredith Food Studios', 'Rest lasagna for 15 minutes before serving.', 'Dotdash Meredith Food Studios']"
Chicken Parmesan,4,"By
 John Mitzewich
 






 

John Mitzewich




 


 

 
John Mitzewich — aka Chef John — has produced more than 1,500 cooking videos for Allrecipes. He's the actor, director, and screenwriter whose hands and voice confidently walk you through techniques.



Allrecipes' editorial guidelines","['4  skinless, boneless chicken breast halves', 'salt and freshly ground black pepper to taste', '2 large eggs', '1 cup panko bread crumbs, or more as needed', '¾ cup grated Parmesan cheese, divided', '2 tablespoons all-purpose flour, or more if needed', '½ cup olive oil for frying, or as needed', '½ cup prepared tomato sauce', '¼ cup fresh mozzarella, cut into small cubes', '¼ cup chopped fresh basil', '½ cup grated provolone cheese', '2 teaspoons olive oil']","['Gather the ingredients. Preheat an oven to 450 degrees F (230 degrees C).', 'Dotdash Meredith Food Studios', 'Place chicken breasts between two sheets of heavy plastic (resealable freezer bags work well) on a solid, level surface. Firmly pound chicken with the smooth side of a meat mallet to a thickness of 1/2-inch.', 'Dotdash Meredith Food Studios', 'Season chicken thoroughly with salt and pepper. Using a sifter or strainer; sprinkle flour over chicken breasts, evenly coating both sides', 'Dotdash Meredith Food Studios', 'Beat eggs in a shallow bowl and set aside. Mix bread crumbs and 1/2 cup Parmesan cheese in a separate bowl, set aside. Dip a flour-coated chicken breast in beaten eggs. Transfer breast to the bread crumb mixture, pressing crumbs into both sides. Repeat for each breast. Let chicken rest for 10 to 15 minutes.', 'Dotdash Meredith Food Studios', 'Heat 1/2 inch olive oil in a large skillet on medium-high heat until it begins to shimmer. Cook chicken in the hot oil until golden, about 2 minutes per side. The chicken will finish cooking in the oven.', 'Dotdash Meredith Food Studios', 'Dotdash Meredith Food Studios', 'Bake in the preheated oven until cheese is browned and bubbly and chicken breasts are no longer pink in the center, 15 to 20 minutes. An instant-read thermometer inserted into the center should read at least 165 degrees F (74 degrees C).', 'Dotdash Meredith Food Studios']"
"Classic, Hearty Beef Stew",8,Matthew Francis,"['1 (2 pound) boneless beef round steak, cut into 1-inch cubes', 'kosher salt and cracked black pepper to taste', '¼ cup all-purpose flour', '1 tablespoon smoked paprika', '1 tablespoon canola oil', '3 cups chopped onion', '6 cloves garlic, minced', '4 tablespoons tomato paste', '2 cups dry red wine', '1 tablespoon dried thyme', '1 tablespoon dried rosemary', '1 tablespoon herbes de Provence', '3  bay leaves', '2 cups beef broth, or more as needed', '1 tablespoon Worcestershire sauce', '3 cups chopped carrots', '3 cups cubed Yukon Gold potatoes', '1 cup fresh peas', '1 ½ teaspoons chopped fresh rosemary', '1 teaspoon chopped fresh thyme, or to taste']","['Gather all ingredients and preheat the oven to 350 degrees F (175 degrees C).', 'Dotdash Meredith Food Studios', 'Season beef with salt and pepper in a large bowl. Add flour and paprika and toss until evenly coated.', 'Dotdash Meredith Food Studios', 'Heat oil in a Dutch oven over medium-high heat. Working in batches, sear beef in hot oil, stirring occasionally, until well-browned, 10 to 11 minutes per batch. Transfer beef to a plate and leave drippings in the pot.', 'Dotdash Meredith Food Studios', 'Add onion to drippings; season with salt and pepper. Cook and stir until onion begins to caramelize, about 10 minutes. Add garlic and stir until fragrant, about 30 seconds.', 'Dotdash Meredith Food Studios', 'Stir in tomato paste; cook until it turns brown and begins to caramelize and stick to the bottom of the pan.', 'Dotdash Meredith Food Studios', 'Pour in red wine and bring to a boil while scraping the browned bits of food off the bottom of the pan with a wooden spoon. Cook until wine is almost evaporated, about 3 minutes.', 'Dotdash Meredith Food Studios', 'Add thyme, rosemary, herbes de Provence, and bay leaves. Stir in broth and Worcestershire sauce; bring to a boil.', 'Dotdash Meredith Food Studios', 'Dotdash Meredith Food Studios', 'Braise stew in the preheated oven until beef is almost tender, about 1 hour 30 minutes. Remove from the oven.', 'Add carrots, potatoes, and more beef broth if needed. Cover the pot and return to the oven to braise until beef and vegetables are tender, about 30 minutes more.', 'Dotdash Meredith Food Studios', 'Dotdash Meredith Food Studios']"
Easy Homemade Chili,6,Tobi Hargis,"['1 pound ground beef', '1  onion, chopped', '1 (15 ounce) can tomato sauce', '1 (15 ounce) can kidney beans', '1 (14.5 ounce) can stewed tomatoes', '1 ½ cups water, or as needed (Optional)', '1 teaspoon chili powder, or more to taste', '1 pinch garlic powder', 'salt and pepper to taste']","['Place ground beef and onion in a large saucepan over medium heat; cook and stir until meat is browned and onion is tender, about 5 to 7 minutes.', 'Stir in tomato sauce, kidney beans, and stewed tomatoes with juice. If you prefer a thinner consistency, you can add water. Season with chili powder, garlic powder, salt, and black pepper. Bring to a boil, reduce heat to low, cover and let simmer for 15 minutes.']"
Easy Fried Rice,8,jostrander,"['⅔ cup chopped baby carrots', '½ cup frozen green peas', '2 tablespoons vegetable oil', '1 clove garlic, minced, or to taste (Optional)', '2 large eggs', '3 cups leftover cooked and chilled white rice', '1 tablespoon soy sauce, or more to taste', '2 teaspoons sesame oil, or to taste']","['Assemble ingredients.', 'Dotdash Meredith Food Studios', 'Place carrots in a small saucepan and cover with water. Bring to a low boil and cook for 3 to 5 minutes. Stir in peas, then immediately drain in a colander.', 'Dotdash Meredith Food Studios', 'Heat a wok over high heat. Pour in vegetable oil, then stir in carrots, peas, and garlic; cook for about 30 seconds. Add eggs; stir quickly to scramble eggs with vegetables.', 'Dotdash Meredith Food Studios', 'Stir in cooked rice. Add soy sauce and toss rice to coat. Drizzle with sesame oil and toss again.', 'Dotdash Meredith Food Studios', 'Serve hot and enjoy!', 'DOTDASH MEREDITH FOOD STUDIOS']"
Sheet Pan Salmon and Veggies,4,"By
TheDailyGourmet","['2 tablespoons olive oil', '3 bell peppers, assorted colors, cut into 1-inch chunks', '2 to 3 zucchini, sliced in half lengthwise and cut into 1-inch chunks', '2 to 3 summer squash, cut into 1-inch chunks', '1 cup grape tomatoes, halved', '1 red onion, thinly sliced', '6 cloves garlic, chopped', '1 teaspoon Catanzaro herbs', '1/2 teaspoon salt']","['Preheat the oven to 425 degrees F (220 degrees C).', 'Pour olive oil into a resealable plastic bag. Add bell peppers, zucchini, summer squash, tomatoes, red onion, chopped garlic, herbs, and salt. Toss to coat. Spread vegetables out evenly on a baking sheet. Lay salmon, skin side down, on top of vegetables.', 'Stir orange juice, lemon juice, agave syrup, minced garlic, and chile flakes together in a small bowl; spoon glaze over the salmon. Glaze will be thin. Season with salt.', 'Bake in the preheated oven until fish flakes easily with a fork, about 20 minutes.']"
Simple Baked Chicken Breasts,4,Always Cooking Up Something,"['4 (5 ounce) skinless, boneless chicken breast halves', '2 tablespoons olive oil', '½ teaspoon coarse sea salt, or to taste', ""1 pinch Creole seasoning (such as Tony Chachere's®), or more to taste"", '1 tablespoon chicken broth, or more to taste']","['Gather all ingredients. Preheat the oven to 400 degrees F (200 degrees C).', 'Dotdash Meredith Food Studios', 'Rub chicken breasts with olive oil and sprinkle both sides with salt and Creole seasoning. Place chicken in a broiler pan.', 'Dotdash Meredith Food Studios', 'Bake in the preheated oven for 10 minutes. Flip chicken and cook until no longer pink in the center and the juices run clear, about 15 minutes more. An instant-read thermometer inserted into the center should read at least 165 degrees F (74 degrees C).', 'Dotdash Meredith Food Studios', 'Remove chicken to a plate. Pour chicken broth into the pan and scrape any browned bits off the bottom with a flat-edged wooden spatula. Add more broth if needed to dislodge the browned bits, but not too much or it will be watery.', 'Dotdash Meredith Food Studios', 'DOTDASH MEREDITH FOOD STUDIOS']"
Shrimp Scampi,4,RNCOGGINS,"['1 (8 ounce) package angel hair pasta', '½ cup butter, or to taste', '1 pound shrimp, peeled and deveined', '4 cloves minced garlic', '1 cup dry white wine', '¼ teaspoon ground black pepper', '¾ cup grated Parmesan cheese', '1 tablespoon chopped fresh parsley', '4 lemon wedges']","['Gather all ingredients.', 'Melt butter in a large saucepan over medium heat. Stir in shrimp and garlic; cook and stir until shrimp turns pink, 3 to 5 minutes.', 'Stir in white wine and pepper; bring to a boil. Cook and stir for 30 seconds.', 'Pour shrimp with sauce over pasta in the serving bowl; toss well. Sprinkle with Parmesan cheese and parsley.', 'Serve with lemon wedges.']"
Lentil Soup,8,Maryellen,"['¼ cup olive oil', '1  onion, chopped', '2  carrots, diced', '2 stalks celery, chopped', '2 cloves garlic, minced', '1  bay leaf', '1 teaspoon dried oregano', '1 teaspoon dried basil', '2 cups dried lentils', '8 cups water', '1 (14.5 ounce) can crushed tomatoes', '½ cup spinach, rinsed and thinly sliced', '2 tablespoons red wine vinegar', 'salt to taste', 'ground black pepper to taste']","['Gather the ingredients.', 'Heat oil in a large soup pot over medium heat. Add onions, carrots, and celery; cook and stir until onion is tender, 3 to 5 minutes.', 'Dotdash Meredith Food Studios', 'Stir in garlic, bay leaf, oregano, and basil; cook for 2 minutes.', 'Dotdash Meredith Food Studios', 'Stir in lentils, and add water and tomatoes. Bring to a boil. Reduce heat and let simmer until lentils are tender, about 40 minutes.', 'Dotdash Meredith Food Studios', 'Dotdash Meredith Food Studios', 'Stir in vinegar and season with salt and pepper; taste and adjust as needed.', 'Dotdash Meredith Food Studios', 'Serve hot and enjoy!', 'DOTDASH MEREDITH FOOD STUDIOS']"
Gourmet Mushroom Risotto,6,Myleen Sagrado Sjdin,"['6 cups chicken broth, or as needed', '3 tablespoons olive oil, divided', '1 pound portobello mushrooms, thinly sliced', '1 pound white mushrooms, thinly sliced', '2 medium shallots, diced', '1 ½ cups Arborio rice', '½ cup dry white wine', '4 tablespoons butter', '3 tablespoons finely chopped chives', '⅓ cup freshly grated Parmesan cheese', 'sea salt and freshly ground black pepper to taste']","['Gather all ingredients.', 'Dotdash Meredith Food Studios', 'Warm broth in a saucepan over low heat. Meanwhile, warm 2 tablespoons olive oil in a large saucepan over medium-high heat. Add portobello and white mushrooms; cook and stir until soft, about 3 minutes. Remove mushrooms and their liquid to a bowl; set aside.', 'Dotdash Meredith Food Studios', 'Add remaining 1 tablespoon olive oil to the saucepan. Stir in shallots and cook for 1 minute. Add rice; cook and stir until rice is coated with oil and pale, golden in color, about 2 minutes.', 'Dotdash Meredith Food Studios', 'Pour in wine, stirring constantly until wine is fully absorbed. Add 1/2 cup warm broth to the rice, and stir until the broth is absorbed.', 'Dotdash Meredith Food Studios', 'Continue adding broth, 1/2 cup at a time, stirring constantly, until the liquid is absorbed and the rice is tender, yet firm to the bite, about 15 to 20 minutes.', 'Dotdash Meredith Food Studios', 'Remove from heat. Stir in reserved mushrooms and their liquid, butter, chives, and Parmesan cheese.', 'Dotdash Meredith Food Studios', 'Season with salt and pepper and serve immediately.', 'DOTDASH MEREDITH FOOD STUDIOS']"
Pad Thai,6,April,"['1 (12 ounce) package rice noodles', '2 tablespoons butter', '1 pound boneless, skinless chicken breast halves, cut into bite-sized pieces', '¼ cup vegetable oil', '4  eggs', '3 tablespoons white sugar', '2 tablespoons fish sauce', '1 tablespoon white wine vinegar', '⅛ tablespoon crushed red pepper', '2 cups bean sprouts', '3  green onions, chopped', '¼ cup crushed peanuts', '1  lemon, cut into wedges']","['Gather all ingredients.', 'Dotdash Meredith Food Studios', 'Soak rice noodles in cold water until soft, 30 to 50 minutes. Drain and set aside.', 'Dotdash Meredith Food Studios', 'Heat oil in the wok over medium-high heat. Crack eggs into hot oil and cook until firm. Stir in chicken and cook for 5 minutes.', 'Dotdash Meredith Food Studios', 'Add softened noodles, sugar, fish sauce, vinegar, and red pepper; mix well until noodles are tender. Adjust seasonings to taste.', 'Dotdash Meredith Food Studios', 'Stir bean sprouts into wok and cook for 3 minutes.', 'Dotdash Meredith Food Studios', 'Serve topped with green onions, crushed peanuts, and a wedge of lemon.', 'DOTDASH MEREDITH FOOD STUDIOS']"
Chicken Tikka Masala,4,"By
Yakuta","['1 cup yogurt', '1 tablespoon lemon juice', '4 teaspoons ground cumin, divided', '1 teaspoon ground cinnamon', '2 teaspoons cayenne pepper', '2 teaspoons freshly ground black pepper', '1 tablespoon minced fresh ginger', '2 teaspoons salt, divided, or more to taste', '3  boneless skinless chicken breasts, cut into bite-size pieces', '4  long skewers', '1 tablespoon butter', '1 clove garlic, minced', '1  jalapeno pepper, finely chopped', '2 teaspoons paprika', '1 (8 ounce) can tomato sauce', '1 cup heavy cream', '¼ cup chopped fresh cilantro']","['Combine yogurt, lemon juice, 2 teaspoons cumin, cinnamon, cayenne, black pepper, ginger, and 1 teaspoon salt in a large bowl.', 'Dotdash Meredith Food Studios', 'Stir in chicken, cover, and refrigerate for 1 hour.', 'Dotdash Meredith Food Studios', 'Preheat a grill for high heat.', 'Dotdash Meredith Food Studios', 'Grill until juices run clear, about 5 minutes on each side.', 'Dotdash Meredith Food Studios', 'Melt butter in a large heavy skillet over medium heat. Sauté garlic and jalapeño for 1 minute. Season with remaining 2 teaspoons cumin, paprika, and remaining 1 teaspoon salt. Stir in tomato sauce and cream. Simmer on low heat until sauce thickens, about 20 minutes.', 'Dotdash Meredith Food Studios', 'Add grilled chicken, and simmer for 10 minutes. Transfer to a serving platter, and garnish with fresh cilantro.', 'Dotdash Meredith Food Studios', 'Serve over rice.', 'Dotdash Meredith Food Studios']"
Homemade Sushi,8,1ORANGE1,"['1 ⅓ cups water', '⅔ cup uncooked short-grain white rice', '3 tablespoons rice vinegar', '3 tablespoons white sugar', '1 ½ teaspoons salt', '4 sheets nori seaweed sheets', '½ pound imitation crabmeat, flaked', '1  avocado - peeled, pitted, and sliced', '½  cucumber, peeled, cut into small strips', '2 tablespoons pickled ginger']","['Gather all ingredients. Preheat the oven to 300 degrees F (150 degrees C).', 'Dotdash Meredith Food Studios', 'Mix rice vinegar, sugar, and salt in a small bowl. Gently stir into cooked rice in the pot and set aside.', 'Dotdash Meredith Food Studios', 'Dotdash Meredith Food Studios', 'Heat nori in the preheated oven until warm, 1 to 2 minutes.', 'Dotdash Meredith Food Studios', 'Dotdash Meredith Food Studios', 'Dotdash Meredith Food Studios']"
Homemade Dumplings,6,Carol,"['1 cup all-purpose flour', '2 teaspoons baking powder', '1 teaspoon white sugar', '½ teaspoon salt', '1 tablespoon butter or margarine', '½ cup milk']","['Gather the ingredients.', 'Dotdash Meredith Food Studios', 'Stir together flour, baking powder, sugar, and salt in a bowl.', 'Dotdash Meredith Food Studios', 'Cut in butter until mixture is crumbly. Stir in milk and mix until a batter forms that is thick enough to be scooped with a spoon. Allow batter to rest for 3 to 5 minutes.', 'Dotdash Meredith Food Studios', 'Dotdash Meredith Food Studios', 'Serve hot and enjoy!', 'DOTDASH MEREDITH FOOD STUDIOS']"
Chef John's Falafel,6,"By
 John Mitzewich
 






 

John Mitzewich




 


 

 
John Mitzewich — aka Chef John — has produced more than 1,500 cooking videos for Allrecipes. He's the actor, director, and screenwriter whose hands and voice confidently walk you through techniques.



Allrecipes' editorial guidelines","['1 cup dry garbanzo beans', '½  yellow onion, diced', '½ cup chopped fresh flat-leaf parsley', '4 cloves minced garlic', '1 tablespoon all-purpose flour, or more as needed', '2 teaspoons lemon juice', '1 ½ teaspoons salt, or to taste', '1 teaspoon ground cumin', '½ teaspoon ground coriander', '¼ teaspoon baking soda', '⅛ teaspoon cayenne pepper', 'oil for frying']","['Place dried chickpeas into a large container and cover with several inches of cool water; let stand 12 to 24 hours. Drain.', 'Blend chickpeas, onion, parsley, garlic, flour, lemon juice, salt, cumin, coriander, baking soda, and cayenne pepper together in a food processor, scraping down the sides of the bowl as necessary, until mixture is finely ground and holds together when pressed. Transfer falafel mixture to a bowl, cover with plastic wrap, and refrigerate until flavors blend, 1 to 2 hours.', 'Heat oil in a deep-fryer or large saucepan to 350 degrees F (175 degrees C).']"
Best Hummus,32,Reman9981,"['1 (15 ounce) can chickpeas, drained', '3 tablespoons tahini', '2 tablespoons olive oil', '1 tablespoon fresh lemon juice', '¼ cup water', '3 cloves garlic, crushed', '½ teaspoon ground cumin (Optional)', '1 pinch paprika', '1 sprig fresh parsley, chopped']","['Place chickpeas, tahini, olive oil, lemon juice, water, garlic, and cumin into a food processor and process until smooth, about 1 minute. Transfer to a bowl and sprinkle top of hummus with paprika and fresh parsley.']"
Scrambled Tofu,4,LKAUMANS,"['1 tablespoon olive oil', '1 bunch green onions, chopped', '1 (14.5 ounce) can peeled and diced tomatoes with juice', '1 (12 ounce) package firm silken tofu, drained and mashed', 'ground turmeric to taste', 'salt and pepper to taste', '½ cup shredded Cheddar cheese (Optional)']","['Heat olive oil in a medium skillet over medium heat, and saute green onions until tender. Stir in tomatoes with juice and mashed tofu. Season with salt, pepper, and turmeric. Reduce heat, and simmer until heated through. Sprinkle with Cheddar cheese to serve.']"
Easy Gazpacho,10,Kara,"['4 cups tomato juice', '2 cups chopped tomatoes', '1  onion, minced', '1  green bell pepper, minced', '1  cucumber, chopped', '2  green onions, chopped', '¼ cup chopped fresh parsley', '3 tablespoons fresh lemon juice', '2 tablespoons red wine vinegar', '1 clove garlic, minced', '1 teaspoon dried tarragon', '1 teaspoon dried basil', '1 teaspoon white sugar', 'salt and pepper to taste']","['Combine tomato juice, tomatoes, onion, bell pepper, cucumber, green onions, parsley, lemon juice, red wine vinegar, garlic, tarragon, basil, sugar, salt, and pepper in a blender or food processor. Blend until well combined but still slightly chunky.', 'Pour into a serving bowl and cover. Place in the refrigerator to chill before serving, at least 2 hours.']"
Easy and Best Corn on the Cob,4,caquilter,"['¼ teaspoon white sugar', '4 ears corn, husked and cleaned']","['Add corn and cover the pot. Turn off heat, leaving the pot on the hot burner.', 'Steep corn in hot water until tender, about 25 minutes.']"
Basic Mashed Potatoes,4,Esmee Williams,"['2 pounds baking potatoes, peeled and quartered', '3 cloves garlic, peeled, or to taste (Optional)', '1 cup milk', '2 tablespoons butter', 'salt and ground black pepper to taste']","['Gather all ingredients.', 'Dotdash Meredith Food Studios', 'Dotdash Meredith Food Studios', 'Dotdash Meredith Food Studios', 'Drain potatoes and return to the pot. Slowly add warm milk mixture, blending it in with a potato masher or electric mixer until potatoes are smooth and creamy.', 'Dotdash Meredith Food Studios', 'Season with salt and pepper. Serve and enjoy!', 'Dotdash Meredith Food Studios']"
Oven Roasted Potatoes,4,JMRYGH,"['⅛ cup olive oil', '1 tablespoon minced garlic', '½ teaspoon dried basil', '½ teaspoon dried marjoram', '½ teaspoon dried dill weed', '½ teaspoon dried thyme', '½ teaspoon dried oregano', '½ teaspoon dried parsley', '½ teaspoon crushed red pepper flakes', '½ teaspoon salt', '4 large potatoes, peeled and cubed']","['Preheat the oven to 475 degrees F (245 degrees C).', 'Combine oil, garlic, basil, marjoram, dill, thyme, oregano, parsley, pepper flakes, and salt in a large bowl.', 'Dotdash Meredith Food Studios', 'Stir in potatoes until evenly coated. Place potatoes in a single layer on a roasting pan or baking sheet.', 'Dotdash Meredith Food Studios', 'Roast in the preheated oven, turning occasionally to brown on all sides, until tender with crispy edges, about 20 to 30 minutes.', 'Dotdash Meredith Food Studios', 'Serve hot and enjoy!', 'DOTDASH MEREDITH FOOD STUDIOS']"
Classic Rice Pilaf,6,"By
 John Mitzewich
 






 

John Mitzewich




 


 

 
John Mitzewich — aka Chef John — has produced more than 1,500 cooking videos for Allrecipes. He's the actor, director, and screenwriter whose hands and voice confidently walk you through techniques.



Allrecipes' editorial guidelines","['2 tablespoons butter', '2 tablespoons olive oil', '½ medium onion, chopped', '2 cups long-grain white rice', '3 cups chicken stock', '1 ½ teaspoons salt', '¼ teaspoon cayenne pepper', '1 pinch saffron (Optional)']","['Preheat the oven to 350 degrees F (175 degrees C).', 'Melt butter and oil in a large saucepan over medium heat. Add onion; cook and stir until lightly browned, 7 to 8 minutes. Remove from the heat.', 'Place rice into a 9x13-inch casserole dish. Add onion and stir until rice is thoroughly coated. Place the dish on a baking sheet.', 'Combine chicken stock, salt, cayenne pepper, and saffron in a saucepan. Bring to a boil, then reduce the heat to low and simmer for 5 minutes.', 'Pour stock mixture over rice in the baking dish and stir to combine. Spread mixture evenly along the bottom of the pan and cover tightly with heavy-duty aluminum foil.', 'Bake in the preheated oven for 35 minutes. Remove from the oven and allow to rest, covered, for 10 minutes. Remove the foil and fluff rice with a fork.']"
Best Green Bean Casserole,6,Jan,"['2 (14.5 ounce) cans green beans, drained', '1 (10.5 ounce) can condensed cream of mushroom soup', '1 cup shredded Cheddar cheese, divided', '1 (6 ounce) can French-fried onions']","['Preheat the oven to 350 degrees F (175 degrees C).', 'Mix green beans and condensed soup together in a large microwave-safe bowl until well combined. Microwave on high until warm, 3 to 5 minutes.', 'Stir 1/2 cup Cheddar cheese into the green bean mixture. Microwave on high for 2 to 3 minutes.', 'Bake in the preheated oven until cheese is melted and the onions are just turning brown, about 10 minutes.']"
Baked Sweet Potato Fries,4,United Soybean Board,"['2 large sweet potatoes', '3 tablespoons soybean oil (often labeled ""vegetable oil"")', '½ teaspoon sea salt', '½ teaspoon freshly ground black pepper', '¼ teaspoon garlic powder', '¼ teaspoon paprika']","['Gather all ingredients.', 'Dotdash Meredith Food Studios', 'Preheat the oven to 425 degrees F (220 degrees C). Position rack in upper third of the oven. Grease a baking sheet.', 'Peel sweet potatoes and cut into 1x3-inch wedges. Place wedges and soybean oil in a large bowl; toss lightly. Sprinkle with salt, pepper, garlic powder, and paprika.', 'Arrange potatoes in a single layer on the prepared baking sheet, being sure not to overcrowd. Bake, turning occasionally, until tender and golden brown, 18 to 24 minutes. Cool 5 minutes before serving.', 'Dotdash Meredith Food Studios']"
Old Fashioned Onion Rings,3,JeanieMomof3,"['1 large Vidalia or other sweet onion', '1 quart oil for frying, or as needed', '1 ¼ cups all-purpose flour', '1 teaspoon baking powder', '1 teaspoon salt', '1 cup milk, or as needed', '1 large egg', '¾ cup dry bread crumbs', '⅛ teaspoon seasoned salt, or to taste']","['Gather all ingredients.', 'Dotdash Meredith Food Studios', 'Slice onion into 1/4-inch-thick rings. Heat oil in a deep-fryer to 365 degrees F (185 degrees C). Place a wire rack over a sheet of aluminum foil.', 'Dotdash Meredith Food Studios', 'Prepare breading station by setting out 3 wide, shallow dishes. Whisk flour, baking powder, and salt together in the first dish. Whisk milk and egg together in the second dish. Place bread crumbs in the third dish.', 'Dotdash Meredith Food Studios', 'Dotdash Meredith Food Studios', 'Dotdash Meredith Food Studios', 'Place onion in the bread crumbs and turn several times to coat, scooping crumbs over the ring if necessary.', 'Dotdash Meredith Food Studios', 'Dotdash Meredith Food Studios', 'Deep-fry 3 to 4 onion rings at a time in the preheated oil until golden brown, 2 to 3 minutes. Drain on paper towels while you deep-fry the remaining rings.', 'Dotdash Meredith Food Studios', 'Sprinkle with seasoning salt before serving.', 'Dotdash Meredith Food Studios']"
Balsamic Bruschetta,8,Kathy Bias,"['1 loaf French bread, cut into ¼-inch slices', '1 tablespoon extra-virgin olive oil', '8  roma (plum) tomatoes, diced', '⅓ cup chopped fresh basil', '1 ounce Parmesan cheese, freshly grated', '2 cloves garlic, minced', '1 tablespoon good quality balsamic vinegar', '2 teaspoons extra-virgin olive oil', '¼ teaspoon kosher salt', '¼ teaspoon freshly ground black pepper']","['Gather all ingredients. Preheat the oven to 400 degrees F (200 degrees C).', 'Dotdash Meredith Food Studios', 'Brush bread slices on both sides lightly with 1 tablespoon oil and place on large baking sheet. Toast bread until golden, about 5 to 10 minutes, turning halfway through.', 'Dotdash Meredith Food Studios.', 'Dotdash Meredith Food Studios', 'Mix in balsamic vinegar, 2 teaspoons olive oil, kosher salt, and pepper.', 'Dotdash Meredith Food Studios', 'Spoon tomato mixture onto toasted bread slices.', 'Dotdash Meredith Food Studios', 'Serve immediately and enjoy!', 'DOTDASH MEREDITH FOOD STUDIOS']"
Deviled Eggs,6,Suzanne EE,"['6 hard-boiled eggs', '2 tablespoons mayonnaise', '1 teaspoon white sugar, or to taste', '1 teaspoon white vinegar', '1 teaspoon prepared mustard', '1 tablespoon finely chopped onion', '1 tablespoon finely chopped celery', '½ teaspoon salt, or to taste', '1 pinch paprika, or to taste']","['Gather all ingredients. Peel hard-boiled eggs.', 'Dotdash Meredith Food Studios', 'Slice eggs in half lengthwise and remove yolks; set whites aside.', 'Dotdash Meredith Food Studios', 'Mash yolks with a fork in a small bowl. Stir in mayonnaise, sugar, vinegar, mustard, onion, and celery; mix well and season with salt to taste.', 'Dotdash Meredith Food Studios', 'Dotdash Meredith Food Studios', 'Sprinkle with paprika. Refrigerate eggs until serving.', 'DOTDASH MEREDITH FOOD STUDIOS']"
Fried Mozzarella Cheese Sticks,8,Nanci Renn,"['2 large eggs, beaten', '¼ cup water', '1 ½ cups Italian seasoned bread crumbs', '½ teaspoon garlic salt', '⅔ cup all-purpose flour', '⅓ cup cornstarch', '2 cups oil for frying, or as needed', '1 (16 ounce) package mozzarella cheese sticks']","['Gather all ingredients.', 'Dotdash Meredith Food Studios', 'Whisk water and eggs together in a small bowl. Mix bread crumbs and garlic salt together in a medium bowl. Blend flour and cornstarch together in a third bowl. Heat oil to 365 degrees F (185 degrees C) in a large, heavy saucepan.', 'Dotdash Meredith Food Studios', 'Dredge a mozzarella stick in flour; shake off excess. Dip into egg mixture. Lift up so excess egg drips back in the bowl. Press into bread crumbs to coat. Place breaded mozzarella stick on a plate or wire rack. Repeat with remaining mozzarella sticks.', 'Dotdash Meredith Food Studios', 'Dotdash Meredith Food Studios', 'Serve hot and enjoy!', 'DOTDASH MEREDITH FOOD STUDIOS']"
Vietnamese Fresh Spring Rolls,8,"By
Allrecipes Member","['2 ounces rice vermicelli noodles', '8  rice wrappers (8.5 inch diameter)', '8 large cooked shrimp - peeled, deveined and cut in half', '2 leaves lettuce, chopped', '3 tablespoons chopped fresh mint leaves', '3 tablespoons chopped fresh cilantro', '1 ⅓ tablespoons chopped fresh Thai basil']","['Gather all ingredients.', 'Dotdash Meredith Food Studios', 'Fill a large pot with lightly salted water and bring to a rolling boil; stir in noodles and return to a boil. Cook noodles uncovered, stirring occasionally, until tender yet firm to the bite, 3 to 5 minutes; drain and set aside to cool.', 'Dotdash Meredith Food Studios', 'Fill a large bowl with warm water. Dip one wrapper into the hot water for 1 second to soften.', 'Dotdash Meredith Food Studios', 'Dotdash Meredith Food Studios', 'Fold uncovered sides inward, then tightly roll the wrapper, beginning at the end with lettuce. Repeat with remaining ingredients.', 'Dotdash Meredith Food Studios', 'Dotdash Meredith Food Studios', 'Dotdash Meredith Food Studios', 'Serve spring rolls with the two sauce mixtures.']"
Easy Guacamole,16,Denise Goodman,"['2  ripe avocados, peeled and pitted', '1 small onion, finely chopped', '1  ripe tomato, chopped', '1 clove garlic, minced', '1  lime, juiced', 'salt and pepper to taste']","['Gather all ingredients.', 'Dotdash Meredith Food Studios', 'Mash avocado in a medium serving bowl.', 'Dotdash Meredith Food Studios', 'Stir in onion, tomato, and garlic.', 'Dotdash Meredith Food Studios', 'Season with lime juice and salt and pepper to taste.', 'Dotdash Meredith Food Studios', 'Cover and chill guacamole for 30 minutes to allow flavors to blend.', 'Dotdash Meredith Food Studios']"
Golden Sweet Cornbread,12,bluegirl,"['1 cup all-purpose flour', '1 cup yellow cornmeal', '⅔ cup white sugar', '3 ½ teaspoons baking powder', '1 teaspoon salt', '1 cup milk', '⅓ cup vegetable oil', '1 large egg']","['Gather the ingredients.', 'Dotdash Meredith Food Studios', 'Preheat the oven to 400 degrees F (200 degrees C). Lightly grease a 9-inch round cake pan.', 'Whisk flour, cornmeal, sugar, baking powder, and salt together in a large bowl.', 'Dotdash Meredith Food Studios', 'Add milk, vegetable oil, and egg; whisk until well combined.', 'Dotdash Meredith Food Studios', 'Pour batter into the prepared pan.', 'Dotdash Meredith Food Studios', 'Bake in the preheated oven until a toothpick inserted into the center of the pan comes out clean, 20 to 25 minutes.', 'Dotdash Meredith Food Studios', 'Slice and enjoy!', 'Dotdash Meredith Food Studios']"
Best Brownies,16,Angie,"['½ cup butter', '1 cup white sugar', '2 large eggs', '1 teaspoon vanilla extract', '⅓ cup unsweetened cocoa powder', '½ cup all-purpose flour', '¼ teaspoon salt', '¼ teaspoon baking powder']","['Preheat the oven to 350 degrees F (175 degrees C). Grease and flour an 8-inch square pan.', 'Melt 1/2 cup butter in a large saucepan. Remove from heat, and stir in sugar, eggs, and 1 teaspoon vanilla. Beat in 1/3 cup cocoa, flour, salt, and baking powder. Spread batter into prepared pan.', 'Bake in the preheated oven until top is dry and edges have started to pull away from the sides of the pan, about 25 to 30 minutes. Let cool briefly before frosting.']"
One Bowl Chocolate Cake,24,shirleyo,"['2 cups white sugar', '1 ¾ cups all-purpose flour', '¾ cup unsweetened cocoa powder', '1 ½ teaspoons baking powder', '1 ½ teaspoons baking soda', '1 teaspoon salt', '2 large eggs', '1 cup milk', '½ cup vegetable oil', '2 teaspoons vanilla extract', '1 cup boiling water']","['Gather all ingredients. Preheat the oven to 350 degrees F (175 degrees C). Grease and flour two 9-inch round baking pans.', 'Stir sugar, flour, cocoa, baking powder, baking soda, and salt together in a large bowl.', 'Add eggs, milk, oil and vanilla; mix for 2 minutes on medium speed with an electric mixer.', 'Stir in the boiling water. The batter will be thin.', 'Pour evenly into the prepared pans.', 'Bake in the preheated oven until a toothpick inserted into the center comes out clean, about 30 to 35 minutes. Cool in the pans for 10 minutes, then transfer to a wire rack to cool completely.']"
Old-Fashioned Apple Pie,8,Arletta,"['1 (14.1 ounce) package pastry for a double-crust 9-inch pie', '7 cups peeled, cored and sliced apples', '1 cup white sugar', '3 tablespoons all-purpose flour', '1 teaspoon ground cinnamon', '¼ teaspoon salt', '⅛ teaspoon ground nutmeg', '2 tablespoons butter']","['Preheat the oven to 425 degrees F (220 degrees C). Line a 9-inch pie plate with bottom crust.', 'Combine apples, sugar, flour, cinnamon, salt, and nutmeg in a bowl. Place mixture into the prepared pie plate. Dot with butter. Cover with top crust and seal. Cut holes in top crust to allow venting.', 'Bake in the preheated oven for 10 minutes.', 'Reduce the oven temperature to 300 degrees F (150 degrees C) and bake until crust is golden brown and apples are tender, 40 for 50 minutes. Cool and serve.']"
